product_id,name,price,rating,availability,category,brand,description,product_url,image_url
1,Blue Top,500.0,4.5,In Stock,General,Unbranded,Blue Top in brand Unbranded,https://automationexercise.com/product_details/1,https://automationexercise.com/get_product_picture/1
2,Men Tshirt,400.0,4.5,In Stock,General,Unbranded,Men Tshirt in brand Unbranded,https://automationexercise.com/product_details/2,https://automationexercise.com/get_product_picture/2
3,Sleeveless Dress,1000.0,4.5,In Stock,General,Unbranded,Sleeveless Dress in brand Unbranded,https://automationexercise.com/product_details/3,https://automationexercise.com/get_product_picture/3
4,Stylish Dress,1500.0,4.5,In Stock,General,Unbranded,Stylish Dress in brand Unbranded,https://automationexercise.com/product_details/4,https://automationexercise.com/get_product_picture/4
5,Winter Top,600.0,4.5,In Stock,General,Unbranded,Winter Top in brand Unbranded,https://automationexercise.com/product_details/5,https://automationexercise.com/get_product_picture/5
6,Summer White Top,400.0,4.5,In Stock,General,Unbranded,Summer White Top in brand Unbranded,https://automationexercise.com/product_details/6,https://automationexercise.com/get_product_picture/6
7,Madame Top For Women,1000.0,4.5,In Stock,General,Unbranded,Madame Top For Women in brand Unbranded,https://automationexercise.com/product_details/7,https://automationexercise.com/get_product_picture/7
8,Fancy Green Top,700.0,4.5,In Stock,General,Unbranded,Fancy Green Top in brand Unbranded,https://automationexercise.com/product_details/8,https://automationexercise.com/get_product_picture/8
11,Sleeves Printed Top - White,499.0,4.5,In Stock,General,Unbranded,Sleeves Printed Top - White in brand Unbranded,https://automationexercise.com/product_details/11,https://automationexercise.com/get_product_picture/11
12,Half Sleeves Top Schiffli Detailing - Pink,359.0,4.5,In Stock,General,Unbranded,Half Sleeves Top Schiffli Detailing - Pink in brand Unbranded,https://automationexercise.com/product_details/12,https://automationexercise.com/get_product_picture/12
13,Frozen Tops For Kids,278.0,4.5,In Stock,General,Unbranded,Frozen Tops For Kids in brand Unbranded,https://automationexercise.com/product_details/13,https://automationexercise.com/get_product_picture/13
14,Full Sleeves Top Cherry - Pink,679.0,4.5,In Stock,General,Unbranded,Full Sleeves Top Cherry - Pink in brand Unbranded,https://automationexercise.com/product_details/14,https://automationexercise.com/get_product_picture/14
15,Printed Off Shoulder Top - White,315.0,4.5,In Stock,General,Unbranded,Printed Off Shoulder Top - White in brand Unbranded,https://automationexercise.com/product_details/15,https://automationexercise.com/get_product_picture/15
16,Sleeves Top and Short - Blue & Pink,478.0,4.5,In Stock,General,Unbranded,Sleeves Top and Short - Blue & Pink in brand Unbranded,https://automationexercise.com/product_details/16,https://automationexercise.com/get_product_picture/16
18,Little Girls Mr. Panda Shirt,1200.0,4.5,In Stock,General,Unbranded,Little Girls Mr. Panda Shirt in brand Unbranded,https://automationexercise.com/product_details/18,https://automationexercise.com/get_product_picture/18
19,Sleeveless Unicorn Patch Gown - Pink,1050.0,4.5,In Stock,General,Unbranded,Sleeveless Unicorn Patch Gown - Pink in brand Unbranded,https://automationexercise.com/product_details/19,https://automationexercise.com/get_product_picture/19
20,Cotton Mull Embroidered Dress,1190.0,4.5,In Stock,General,Unbranded,Cotton Mull Embroidered Dress in brand Unbranded,https://automationexercise.com/product_details/20,https://automationexercise.com/get_product_picture/20
21,Blue Cotton Indie Mickey Dress,1530.0,4.5,In Stock,General,Unbranded,Blue Cotton Indie Mickey Dress in brand Unbranded,https://automationexercise.com/product_details/21,https://automationexercise.com/get_product_picture/21
22,Long Maxi Tulle Fancy Dress Up Outfits -Pink,1600.0,4.5,In Stock,General,Unbranded,Long Maxi Tulle Fancy Dress Up Outfits -Pink in brand Unbranded,https://automationexercise.com/product_details/22,https://automationexercise.com/get_product_picture/22
23,Sleeveless Unicorn Print Fit & Flare Net Dress - Multi,1100.0,4.5,In Stock,General,Unbranded,Sleeveless Unicorn Print Fit & Flare Net Dress - Multi in brand Unbranded,https://automationexercise.com/product_details/23,https://automationexercise.com/get_product_picture/23
24,Colour Blocked Shirt – Sky Blue,849.0,4.5,In Stock,General,Unbranded,Colour Blocked Shirt – Sky Blue in brand Unbranded,https://automationexercise.com/product_details/24,https://automationexercise.com/get_product_picture/24
28,Pure Cotton V-Neck T-Shirt,1299.0,4.5,In Stock,General,Unbranded,Pure Cotton V-Neck T-Shirt in brand Unbranded,https://automationexercise.com/product_details/28,https://automationexercise.com/get_product_picture/28
29,Green Side Placket Detail T-Shirt,1000.0,4.5,In Stock,General,Unbranded,Green Side Placket Detail T-Shirt in brand Unbranded,https://automationexercise.com/product_details/29,https://automationexercise.com/get_product_picture/29
30,Premium Polo T-Shirts,1500.0,4.5,In Stock,General,Unbranded,Premium Polo T-Shirts in brand Unbranded,https://automationexercise.com/product_details/30,https://automationexercise.com/get_product_picture/30
31,Pure Cotton Neon Green Tshirt,850.0,4.5,In Stock,General,Unbranded,Pure Cotton Neon Green Tshirt in brand Unbranded,https://automationexercise.com/product_details/31,https://automationexercise.com/get_product_picture/31
33,Soft Stretch Jeans,799.0,4.5,In Stock,General,Unbranded,Soft Stretch Jeans in brand Unbranded,https://automationexercise.com/product_details/33,https://automationexercise.com/get_product_picture/33
35,Regular Fit Straight Jeans,1200.0,4.5,In Stock,General,Unbranded,Regular Fit Straight Jeans in brand Unbranded,https://automationexercise.com/product_details/35,https://automationexercise.com/get_product_picture/35
37,Grunt Blue Slim Fit Jeans,1400.0,4.5,In Stock,General,Unbranded,Grunt Blue Slim Fit Jeans in brand Unbranded,https://automationexercise.com/product_details/37,https://automationexercise.com/get_product_picture/37
38,Rose Pink Embroidered Maxi Dress,2300.0,4.5,In Stock,General,Unbranded,Rose Pink Embroidered Maxi Dress in brand Unbranded,https://automationexercise.com/product_details/38,https://automationexercise.com/get_product_picture/38
39,Cotton Silk Hand Block Print Saree,3000.0,4.5,In Stock,General,Unbranded,Cotton Silk Hand Block Print Saree in brand Unbranded,https://automationexercise.com/product_details/39,https://automationexercise.com/get_product_picture/39
40,Rust Red Linen Saree,3500.0,4.5,In Stock,General,Unbranded,Rust Red Linen Saree in brand Unbranded,https://automationexercise.com/product_details/40,https://automationexercise.com/get_product_picture/40
41,Beautiful Peacock Blue Cotton Linen Saree,5000.0,4.5,In Stock,General,Unbranded,Beautiful Peacock Blue Cotton Linen Saree in brand Unbranded,https://automationexercise.com/product_details/41,https://automationexercise.com/get_product_picture/41
42,Lace Top For Women,1400.0,4.5,In Stock,General,Unbranded,Lace Top For Women in brand Unbranded,https://automationexercise.com/product_details/42,https://automationexercise.com/get_product_picture/42
43,GRAPHIC DESIGN MEN T SHIRT - BLUE,1389.0,4.5,In Stock,General,Unbranded,GRAPHIC DESIGN MEN T SHIRT - BLUE in brand Unbranded,https://automationexercise.com/product_details/43,https://automationexercise.com/get_product_picture/43
